,symbol
0,RENUSDT
1,ETHUSDT
2,1000SHIBUSDT
3,GLMRUSDT
4,MTLUSDT
5,RDNTUSDT
6,REEFUSDT
7,BOMEUSDT
8,CHRUSDT
9,ENJUSDT
10,MASKUSDT
11,AUCTIONUSDT
12,BNBUSDT
13,STMXUSDT
14,FETUSDT
15,PHBUSDT
16,WIFUSDT
17,OMNIUSDT
18,IOTAUSDT
19,BSVUSDT
20,METISUSDT
21,HOTUSDT
22,ARUSDT
23,SKLUSDT
24,CFXUSDT
25,AEVOUSDT
26,LITUSDT
27,TWTUSDT
28,COMBOUSDT
29,STRKUSDT
30,ONGUSDT
31,TUSDT
32,ZRXUSDT
33,SNXUSDT
34,RIFUSDT
35,GASUSDT
36,UNFIUSDT
37,KEYUSDT
38,ETHWUSDT
39,SXPUSDT
40,1000SATSUSDT
41,ONDOUSDT
42,XEMUSDT
43,ARPAUSDT
44,CYBERUSDT
45,SLPUSDT
46,BONDUSDT
47,KAVAUSDT
48,XAIUSDT
49,ONTUSDT
50,OCEANUSDT
51,OMUSDT
52,DENTUSDT
53,CAKEUSDT
54,SNTUSDT
55,MANAUSDT
56,AUDIOUSDT
57,YGGUSDT
58,CKBUSDT
59,NEOUSDT
60,PERPUSDT
61,ICXUSDT
62,MINAUSDT
63,YFIUSDT
64,BLURUSDT
65,PENDLEUSDT
66,WUSDT
67,RSRUSDT
68,MKRUSDT
69,MATICUSDT
70,MAGICUSDT
71,1000FLOKIUSDT
72,FXSUSDT
73,XLMUSDT
74,IDUSDT
75,THETAUSDT
76,SANDUSDT
77,BAKEUSDT
78,AGIXUSDT
79,AIUSDT
80,TNSRUSDT
81,TAOUSDT
82,RONINUSDT
83,JOEUSDT
84,ILVUSDT
85,BADGERUSDT
86,GMXUSDT
87,1000BONKUSDT
88,EDUUSDT
89,DODOXUSDT
90,USTCUSDT
91,USDCUSDT
92,TRUUSDT
93,RLCUSDT
94,HOOKUSDT
95,CTSIUSDT
96,NFPUSDT
97,RVNUSDT
98,1000PEPEUSDT
99,DYMUSDT
100,AAVEUSDT
101,XTZUSDT
102,PORTALUSDT
103,AMBUSDT
104,CRVUSDT
105,RADUSDT
106,ETHFIUSDT
107,APEUSDT
108,BANDUSDT
109,SUIUSDT
110,ALGOUSDT
111,SUSHIUSDT
112,ZETAUSDT
113,LPTUSDT
114,API3USDT
115,ARKUSDT
116,WLDUSDT
117,JUPUSDT
118,JTOUSDT
119,BELUSDT
120,BATUSDT
121,HIFIUSDT
122,DEFIUSDT
123,BICOUSDT
124,BTCDOMUSDT
125,GTCUSDT
126,ASTRUSDT
127,LOOMUSDT
128,KASUSDT
129,AGLDUSDT
130,DYDXUSDT
131,STXUSDT
132,ROSEUSDT
133,MANTAUSDT
134,SFPUSDT
135,NTRNUSDT
136,DOTUSDT
137,LUNA2USDT
138,MDTUSDT
139,CELOUSDT
140,ANKRUSDT
141,IOSTUSDT
142,NEARUSDT
143,AXLUSDT
144,ALICEUSDT
145,JASMYUSDT
146,COTIUSDT
147,STGUSDT
148,CVXUSDT
149,RNDRUSDT
150,BNXUSDT
151,LINKUSDT
152,STORJUSDT
153,FLMUSDT
154,SPELLUSDT
155,FILUSDT
156,1000RATSUSDT
157,ACEUSDT
158,INJUSDT
159,LDOUSDT
160,TIAUSDT
161,BEAMXUSDT
162,WAXPUSDT
163,FRONTUSDT
164,SEIUSDT
165,XRPUSDT
166,AXSUSDT
167,NKNUSDT
168,SOLUSDT
169,ZILUSDT
170,BIGTIMEUSDT
171,LQTYUSDT
172,GALUSDT
173,LTCUSDT
174,QTUMUSDT
175,GALAUSDT
176,1000LUNCUSDT
177,MEMEUSDT
178,MAVUSDT
179,IOTXUSDT
180,FTMUSDT
181,LRCUSDT
182,KSMUSDT
183,1000XECUSDT
184,SSVUSDT
185,POWRUSDT
186,MOVRUSDT
187,FLOWUSDT
188,1INCHUSDT
189,CHZUSDT
190,ONEUSDT
191,ZECUSDT
192,ICPUSDT
193,UNIUSDT
194,TRXUSDT
195,VETUSDT
196,XVSUSDT
197,KNCUSDT
198,DUSKUSDT
199,PIXELUSDT
200,ARKMUSDT
201,WOOUSDT
202,GMTUSDT
203,EGLDUSDT
204,BLZUSDT
205,ATAUSDT
206,ALTUSDT
207,BCHUSDT
208,KLAYUSDT
209,TLMUSDT
210,EOSUSDT
211,HFTUSDT
212,ORDIUSDT
213,TOKENUSDT
214,MBLUSDT
215,VANRYUSDT
216,XMRUSDT
217,NMRUSDT
218,ADAUSDT
219,GLMUSDT
220,ETCUSDT
221,DASHUSDT
222,AVAXUSDT
223,HBARUSDT
224,C98USDT
225,LEVERUSDT
226,ENAUSDT
227,ORBSUSDT
228,STPTUSDT
229,HIGHUSDT
230,SAGAUSDT
231,WAVESUSDT
232,LINAUSDT
233,QNTUSDT
234,APTUSDT
235,ACHUSDT
236,IDEXUSDT
237,TONUSDT
238,XVGUSDT
239,REZUSDT
240,BNTUSDT
241,SUPERUSDT
242,OXTUSDT
243,POLYXUSDT
244,MAVIAUSDT
245,COMPUSDT
246,ALPHAUSDT
247,MYROUSDT
248,OPUSDT
249,PEOPLEUSDT
250,DOGEUSDT
251,TRBUSDT
252,DARUSDT
253,PYTHUSDT
254,OMGUSDT
255,ENSUSDT
256,BALUSDT
257,ARBUSDT
258,ZENUSDT
259,LSKUSDT
260,ATOMUSDT
261,GRTUSDT
262,UMAUSDT
263,STEEMUSDT
264,CELRUSDT
265,OGNUSDT
266,RUNEUSDT
267,IMXUSDT
